{"cameraMode":{"drawMode":0,"name":"Shaded","section":"Shading Mode"},"sceneLighting":false,"audioPlay":false,"sceneViewState":{"showFog":true,"showMaterialUpdate":false,"showSkybox":false,"showFlares":true,"showImageEffects":true,"showParticleSystems":true},"in2DMode":false,"pivot":{"x":0.0,"y":0.9900000095367432,"z":0.23800000548362733},"rotation":{"x":-0.08653903007507324,"y":0.8963263630867004,"z":-0.20119817554950715,"w":-0.38552749156951907},"size":4.420822620391846,"orthographic":false}