{"cameraMode":{"drawMode":0,"name":"Shaded","section":"Shading Mode"},"sceneLighting":true,"audioPlay":false,"sceneViewState":{"showFog":true,"showMaterialUpdate":false,"showSkybox":true,"showFlares":true,"showImageEffects":true,"showParticleSystems":true},"in2DMode":false,"pivot":{"x":-1.2952632904052735,"y":5.933443069458008,"z":-1.580754280090332},"rotation":{"x":-0.2812536358833313,"y":0.5410282015800476,"z":-0.19829431176185609,"w":-0.7673780918121338},"size":31.28621482849121,"orthographic":false}