{"cameraMode":{"drawMode":0,"name":"Shaded","section":"Shading Mode"},"sceneLighting":false,"audioPlay":false,"sceneViewState":{"showFog":true,"showMaterialUpdate":false,"showSkybox":false,"showFlares":true,"showImageEffects":true,"showParticleSystems":true},"in2DMode":false,"pivot":{"x":-2.133653163909912,"y":6.099999904632568,"z":37.855289459228519},"rotation":{"x":-0.08653903007507324,"y":0.8963263630867004,"z":-0.20119817554950715,"w":-0.38552749156951907},"size":4.849237442016602,"orthographic":false}