{"cameraMode":{"drawMode":0,"name":"Shaded","section":"Shading Mode"},"sceneLighting":true,"audioPlay":false,"sceneViewState":{"showFog":true,"showMaterialUpdate":false,"showSkybox":true,"showFlares":true,"showImageEffects":true,"showParticleSystems":true},"in2DMode":false,"pivot":{"x":-8.14657211303711,"y":-1.348968505859375,"z":-5.6909637451171879},"rotation":{"x":0.09895853698253632,"y":-0.8973243236541748,"z":0.34423431754112246,"w":0.257951557636261},"size":119.38623046875,"orthographic":false}